Design,Features,Test Acc,Test Prec (macro),Test Rec (macro),Test F1 (macro),Test F1 (weighted),Train Acc,Overfit Gap
Design 2,197,0.9259,0.9250595121198307,0.9249159605302282,0.9248814463381125,0.9258023678967336,0.9287,0.0028000000000000247
Design 1,718,0.9238,0.9229358325750049,0.9226490691224669,0.9226846970091973,0.9236252368170892,0.9403166666666667,0.016516666666666735
Design 5,332,0.9237,0.9227632386700678,0.9227017426878363,0.9226332774422783,0.9235583530482665,0.9346,0.01090000000000002
Design 3,50,0.9022,0.9006582309836366,0.9003146596603798,0.9003217077896682,0.9019228388712763,0.89545,-0.006750000000000034
Design 4,101,0.8967,0.895579830490856,0.8951828688790353,0.8950721771087693,0.8963587911212587,0.8958833333333334,-0.0008166666666666877
