Metric,Correct_Predictions,Incorrect_Predictions
Mean,0.9389984400646977,0.6745931139837795
Median,0.9866223248638919,0.6717468762826322
Std,0.10963973806730754,0.18628981192891653
Min,0.2830147030870173,0.24069276098724618
Max,0.9999999992872799,1.0
